source_url	final_url	local_path	fetched_utc	status	content_type	bytes	sha256	repo_commit	repo_branch	document_status	relevance
https://github.com/flagos-ai/skills.git	https://github.com/flagos-ai/skills.git	repos/flagos-skills	2026-09-29T15:08:56Z	clean	git-repository	575987	n/a	e470f91f3f6e55efe108b822a7b6bbf818f6a99c	main	sparse-clone-clean	FlagOS official Skills root plus complete skills/kernelgen-flagos tree
https://github.com/flagos-ai/docs.git	https://github.com/flagos-ai/docs.git	repos/flagos-docs	2026-09-29T15:08:56Z	clean	git-repository	14674311	n/a	6fac9b4c2842e983bdfc855ed3ce4b69e77ad81c	main	sparse-clone-clean	FlagOS official FlagGems vLLM Plugin-FL and FlagTree Chinese documentation
https://github.com/flagos-ai/KernelGen.git	https://github.com/flagos-ai/KernelGen.git	repos/KernelGen	2026-09-29T15:08:56Z	clean	git-repository	35674334	n/a	e0cdde1dd0572ec012c41be51099e1c593532e5c	main	sparse-clone-clean	KernelGen root material and complete docs tree
https://docs.flagos.io/zh-cn/latest/	https://docs.flagos.io/zh-cn/latest/	snapshots/flagos-docs-home.html	2026-09-29T15:08:56Z	200	text/html; charset=utf-8	32514	9a81d2b0929ec8109414eae0f4d73ddbbb4ccf085bdbf5b6abe41a9cfd98ca61	n/a	n/a	full-html	FlagOS documentation center entry
https://flagos.io/skillhub	https://flagos.io/skillhub	snapshots/flagos-skillhub.html	2026-09-29T15:08:56Z	200	text/html	2018	ee2a3dfb373638efec68ae1d60bba31b20c112ddd1e7e15051a00f1e0f686975	n/a	n/a	shell-only	FlagOS SkillHub dynamic entry
https://flagos.io/SkillHubDetail?skillName=kernelgen-flagos	https://flagos.io/SkillHubDetail?skillName=kernelgen-flagos	snapshots/flagos-skillhub-kernelgen.html	2026-09-29T15:08:56Z	200	text/html	2018	ee2a3dfb373638efec68ae1d60bba31b20c112ddd1e7e15051a00f1e0f686975	n/a	n/a	shell-only	KernelGen SkillHub dynamic detail entry
https://docs.flagos.io/projects/kernelgen/zh-cn/latest/skills_user_guide/skills-user-guide.html	https://docs.flagos.io/projects/kernelgen/zh-cn/latest/skills_user_guide/skills-user-guide.html	snapshots/kernelgen-skills-user-guide.html	2026-09-29T15:08:56Z	200	text/html; charset=utf-8	48868	aa781922f430e58ce3bd12265702ab9200f0415ed65cde628d22e7ed53e81d29	n/a	n/a	full-html	KernelGen Skills user guide
https://docs.flagos.io/projects/kernelgen/zh-cn/latest/mcp_user_guide/mcp-user-guide.html	https://docs.flagos.io/projects/kernelgen/zh-cn/latest/mcp_user_guide/mcp-user-guide.html	snapshots/kernelgen-mcp-user-guide.html	2026-09-29T15:08:56Z	200	text/html; charset=utf-8	25416	5527a8c14e2656cbe1085abf93ee50074dce0ae6ff8f2ae2769b0d1f8ab086ec	n/a	n/a	full-html	KernelGen MCP user guide retained for reference only; no MCP setup performed
https://docs.flagos.io/projects/FlagGems/zh-cn/latest/	https://docs.flagos.io/projects/FlagGems/zh-cn/latest/	snapshots/flaggems-doc-entry.html	2026-09-29T15:08:56Z	200	text/html; charset=utf-8	35948	99d6c76e578e80794d747f358dc5d80a1da6038f4a28de8076cd534580d85822	n/a	n/a	full-html	FlagGems official documentation entry
https://docs.flagos.io/projects/vllm-plugin-FL/zh-cn/latest/	https://docs.flagos.io/projects/vllm-plugin-FL/zh-cn/latest/	snapshots/vllm-plugin-fl-doc-entry.html	2026-09-29T15:08:56Z	200	text/html; charset=utf-8	28581	9eacc5c7c7f7524754b4844f76f06e1bd502bf34ed0ae97ed33c1a5fb74407fd	n/a	n/a	full-html	vLLM Plugin-FL official documentation entry
https://docs.flagos.io/projects/FlagTree/zh-cn/latest/	https://docs.flagos.io/projects/FlagTree/zh-cn/latest/	snapshots/flagtree-doc-entry.html	2026-09-29T15:08:56Z	200	text/html; charset=utf-8	28359	16853dede3dfd5196bf7a18981558dc9281e89c6429d773d5d4332213caf4b8a	n/a	n/a	full-html	FlagTree official documentation entry
https://developer.iluvatar.com/	https://developer.iluvatar.com/	snapshots/iluvatar-developer-home.html	2026-09-29T15:08:56Z	200	text/html	659	d84d4879812b322551041e4ca62a52bc4ff7f707baa31bf64330053f6af61b0a	n/a	n/a	shell-only	Iluvatar developer community dynamic entry
https://developer.metax-tech.com/doc	https://developer.metax-tech.com/doc	snapshots/metax-developer-doc.html	2026-09-29T15:08:56Z	200	text/html; charset=utf-8	57364	c390037f3ca89e60dc43eb743720dff760e4400bc501d92ffb81d312f4f27187	n/a	n/a	shell-only	MetaX developer documentation dynamic entry
https://developer.metax-tech.com/api/client/document/file/search/?file_name=C500	https://developer.metax-tech.com/api/client/document/file/search/?file_name=C500	snapshots/metax-c500-search.json	2026-09-29T15:08:56Z	200	application/json	29981	401975daeedc0aa9692d43e70ce6ca17a1672c73518030e58688c846ea87cf6a	n/a	n/a	public-json	Public C500-filtered document index; no PDF downloaded
https://developer.metax-tech.com/api/client/document/file/search/?file_name=C500	https://developer.metax-tech.com/api/client/document/file/search/?file_name=C500	snapshots/metax-c500-search.headers	2026-09-29T15:08:56Z	200-support	message/http	370	0a1ebe0c760468c2cfd217f7e049c285408df135163d2ad62068442e2334470d	n/a	n/a	response-headers	Response headers proving public JSON content type
https://flagos.io/flagos/api/v1/races/539vlt2p	https://flagos.io/flagos/api/v1/races/539vlt2p	snapshots/race-539vlt2p-cn-20260930.json	2026-09-29T18:00:24Z	200	application/json	20550	6095fc6a6daafedd7ba2cbfaeb8ddecf8b6586e6e6a1b5c85c762986e66536ba	n/a	n/a	public-json-raw	Season 2 race 539vlt2p Chinese response fetched with Lang: CN; local access date 2026-09-30
https://modelscope.cn/models/OpenBMB/MiniCPM5-2B/resolve/master/config.json	https://modelscope.cn/models/OpenBMB/MiniCPM5-2B/resolve/master/config.json	snapshots/minicpm5-2b-config-20260930.json	2026-09-29T18:00:24Z	200	application/json	704	59613157e5357d62bcb121e04cb90f2170b43d789b142380c12c3d4277d95180	n/a	n/a	public-json-raw	MiniCPM5-2B model config raw response; local access date 2026-09-30
